t,hls0,hls1,hls2,exp0,exp1,exp2
0,1.03027,0.666992,1.0127,1.00205,0.812305,1.01159
1,0.891602,0.544922,0.888672,0.915274,0.714941,0.929791
2,0.791992,0.467773,0.793945,0.832339,0.624236,0.850168
3,0.704102,0.405273,0.708008,0.758353,0.556047,0.78044
4,0.631836,0.359375,0.641602,0.687845,0.489218,0.717237
5,0.56543,0.319336,0.576172,0.626933,0.429542,0.655848
6,0.509766,0.28418,0.520508,0.565919,0.378634,0.604246
7,0.456055,0.25293,0.474609,0.518582,0.332064,0.560469
8,0.407227,0.216797,0.429688,0.469022,0.291366,0.51625
9,0.362305,0.186523,0.389648,0.426643,0.259479,0.476888
10,0.322266,0.164062,0.352539,0.38416,0.232246,0.440246
11,0.28418,0.140625,0.317383,0.35023,0.205676,0.411086
12,0.25293,0.12207,0.283203,0.316315,0.184695,0.376887
13,0.219727,0.100586,0.255859,0.285726,0.161944,0.340862
14,0.195312,0.0878906,0.235352,0.258654,0.143433,0.313563
15,0.174805,0.0820312,0.210938,0.234894,0.127461,0.288241
16,0.154297,0.0722656,0.19043,0.213669,0.113932,0.263449
17,0.135742,0.0595703,0.175781,0.195243,0.100528,0.243572
18,0.119141,0.0507812,0.158203,0.177488,0.0906903,0.229671
19,0.106445,0.0419922,0.141602,0.161341,0.0815331,0.218787
20,0.0888672,0.0351562,0.123047,0.146477,0.0788046,0.199549
21,0.0791016,0.0273438,0.107422,0.133573,0.0708056,0.180687
22,0.0703125,0.0224609,0.0947266,0.123856,0.0623518,0.167456
23,0.0585938,0.0166016,0.0839844,0.109653,0.0496831,0.152796
24,0.0488281,0.0126953,0.0742188,0.0929871,0.0444209,0.141951
25,0.046875,0.0146484,0.0732422,0.0874832,0.0401099,0.13065
26,0.0429688,0.0136719,0.0654297,0.0753103,0.0379199,0.120937
27,0.0341797,0.0107422,0.0537109,0.0677825,0.0379522,0.115603
28,0.0302734,0.00585938,0.0498047,0.063167,0.0316498,0.103018
29,0.0244141,0.00292969,0.0458984,0.0597688,0.0317394,0.0968692
30,0.0205078,0.00292969,0.0449219,0.0572242,0.0321433,0.0933245
31,0.0166016,0.00390625,0.0410156,0.0484875,0.0211778,0.0840422
32,0.0175781,0.00488281,0.0371094,0.0463792,0.0187773,0.079161
33,0.0175781,0.00292969,0.0361328,0.0444473,0.0200923,0.077674
34,0.0126953,0.00195312,0.0322266,0.0411316,0.0195128,0.0689558
35,0.0107422,-0.00292969,0.0283203,0.034896,0.0141491,0.0633698
36,0.0107422,-0.000976562,0.0234375,0.0324874,0.0141696,0.0600629
37,0.0117188,0.000976562,0.0205078,0.0315369,0.018496,0.0560526
38,0.0107422,0,0.0234375,0.0263261,0.0150869,0.053542
39,0.00878906,0,0.0205078,0.023578,0.0117217,0.0467816
40,0.00976562,-0.00195312,0.0175781,0.0246039,0.0131865,0.0437669
41,0.00683594,-0.00292969,0.0146484,0.0218348,0.0143045,0.0429641
42,0.00488281,-0.00390625,0.0126953,0.0156464,0.0120625,0.0371617
43,0.00390625,-0.00683594,0.00976562,0.018137,0.0103516,0.0353541
44,0.00292969,-0.00683594,0.0107422,0.0184352,0.00839418,0.0362589
45,0.00195312,-0.00292969,0.0107422,0.0179463,0.00667289,0.0313893
46,-0.000976562,-0.00195312,0.0117188,0.016189,0.00741944,0.0304004
47,0,0,0.0078125,0.0128717,0.00634627,0.0315776
48,0.00488281,0.00390625,0.00488281,0.012774,0.00553317,0.0269675
49,0.00683594,0.00390625,0.00585938,0.0125186,0.00818196,0.0281936
50,0.00488281,-0.000976562,0.00683594,0.00960813,0.00412323,0.0236246
51,0.00195312,-0.00195312,0.00585938,0.00954004,0.00410558,0.0202571
52,-0.000976562,-0.00390625,0.00390625,0.00707106,0.00484487,0.0182777
53,0,-0.00585938,0.00390625,0.00808259,0.00831347,0.0194248
54,0.00195312,-0.00292969,0.000976562,0.00786531,0.00651834,0.0179343
55,0.00292969,0.000976562,0.00488281,0.00623038,0.0055828,0.0166626
56,0.00195312,0.000976562,0.00878906,0.00821168,0.00158133,0.0132989
57,0,-0.000976562,0.00878906,0.00760154,0.000402752,0.0119869
58,-0.00195312,0,0.00390625,0.00379123,0.00192478,0.0133538
59,-0.00195312,0.00390625,0.00683594,0.00477773,0.00209796,0.0130297
60,-0.00292969,0,0.0078125,0.00395501,0.00313598,0.00904422
61,-0.00292969,0,0,0.00550091,0.0050541,0.00777485
62,-0.00390625,-0.00292969,-0.00292969,0.00678697,0.00243177,0.00935595
63,-0.00390625,0.000976562,0.000976562,0.00444577,0.0038647,0.00953433
64,0.000976562,-0.000976562,0.00488281,0.000455322,0.00469743,0.00489354
65,-0.000976562,-0.00195312,0.0078125,0.00136387,0.00239194,0.00348475
66,0.000976562,-0.000976562,0.00488281,-4.35486e-005,0.00690455,0.00606913
67,0,0,0.00390625,0.00276503,0.00485684,0.00742663
68,-0.000976562,0.000976562,0.00292969,0.00275799,0.00520879,0.0066802
69,0,0.00292969,0,0.00226684,0.00846318,0.00603618
70,0.00195312,0.000976562,0.00292969,0.00342666,0.0101903,0.00996071
71,-0.00195312,0.00195312,0.00195312,-0.000162501,0.00414387,0.00627968
72,-0.00292969,0.00390625,-0.000976562,-0.000482857,2.79509e-005,0.00482307
73,0,0.00488281,0.00195312,-0.000135541,-0.000410438,0.00308718
74,0,0.00390625,0.00390625,-0.000887588,0.00317725,0.00257633
75,0.00195312,0.00585938,0.00292969,-0.00052458,0.00481442,0.00798313
76,0.00292969,0.00390625,0.000976562,-0.000337344,0.00241376,0.00794107
77,-0.00292969,0.00390625,0.000976562,3.71858e-005,0.000755105,0.00395316
78,-0.00390625,0.00195312,-0.000976562,-0.000670843,0.00217961,0.00399622
79,-0.00390625,0.00292969,0.000976562,-0.00117184,0.00114569,0.00298955
80,0,0.00488281,-0.00195312,0.000131477,0.003358,0.00142504
81,0.00195312,0.00488281,0.000976562,0.0021787,0.00599519,0.000617026
82,0,0.00488281,0.00390625,0.00025522,0.00642048,-0.000983302
83,0.00292969,0.00683594,0.00683594,-0.00346006,0.00225063,0.000970495
84,0.00195312,0.0078125,0.00585938,7.08923e-006,0.00380683,6.76839e-005
85,-0.000976562,0.0107422,0.00292969,0.002091,0.00521021,-0.000447661
86,-0.00195312,0.0078125,-0.000976562,0.00202399,0.00520301,0.000688371
87,0.00195312,0.00292969,0,0.0014114,0.00609683,0.00484948
88,0,0.00292969,0.000976562,0.00165827,0.00297339,0.00138595
89,-0.00292969,0,0.00195312,0.000596117,0.00708033,0.000244748
90,-0.00585938,0.000976562,0.00390625,-0.00318822,0.00377446,-0.00180765
91,-0.00390625,0.00390625,0.00488281,-0.0026493,0.0046502,0.00282372
92,-0.00390625,0.00292969,0.00292969,-0.000471313,0.00337843,0.000450761
93,-0.00390625,0,0.00195312,3.89013e-005,0.00253654,0.00116328
94,-0.00195312,0,0.00390625,0.000120064,0.00620127,0.00455308
95,-0.00195312,0,0.00390625,0.00191999,0.00768237,0.00433173
96,-0.00195312,0,0.00390625,-0.000718269,0.0105806,0.00183637
97,-0.00195312,0,0.00390625,-0.00262464,0.0076203,-0.00200137
98,-0.00195312,0,0.00390625,0.00109484,0.0024662,-0.000870226
99,-0.00195312,0,0.00390625,-0.00147852,0.00237069,0.000324107
100,-0.00195312,0,0.00390625,-0.00346699,-0.000794088,0.000926807
101,-0.00195312,0,0.00390625,-0.00621757,0.00016395,0.002283
102,-0.00195312,0,0.00390625,-0.00543498,0.00350071,0.00402466
103,-0.00195312,0,0.00390625,-0.0047499,0.00175825,0.00130662
104,-0.00195312,0,0.00390625,-0.00389435,-0.000587828,0.00103976
105,-0.00195312,0,0.00390625,-0.00273171,-0.00108625,0.00269605
106,-0.00195312,0,0.00390625,-0.00273171,-0.00108625,0.00269605
107,-0.00195312,0,0.00390625,-0.00273171,-0.00108625,0.00269605
108,-0.00195312,0,0.00390625,-0.00273171,-0.00108625,0.00269605
109,-0.00195312,0,0.00390625,-0.00273171,-0.00108625,0.00269605
110,-0.00195312,0,0.00390625,-0.00273171,-0.00108625,0.00269605
111,-0.00195312,0,0.00390625,-0.00273171,-0.00108625,0.00269605
112,-0.00195312,0,0.00390625,-0.00273171,-0.00108625,0.00269605
113,-0.00195312,0,0.00390625,-0.00273171,-0.00108625,0.00269605
114,-0.00195312,0,0.00390625,-0.00273171,-0.00108625,0.00269605
115,-0.00195312,0,0.00390625,-0.00273171,-0.00108625,0.00269605
116,-0.00195312,0,0.00390625,-0.00273171,-0.00108625,0.00269605
117,-0.00195312,0,0.00390625,-0.00273171,-0.00108625,0.00269605
118,-0.00195312,0,0.00390625,-0.00273171,-0.00108625,0.00269605
119,-0.00195312,0,0.00390625,-0.00273171,-0.00108625,0.00269605
120,-0.00195312,0,0.00390625,-0.00273171,-0.00108625,0.00269605
121,-0.00195312,0,0.00390625,-0.00273171,-0.00108625,0.00269605
122,-0.00195312,0,0.00390625,-0.00273171,-0.00108625,0.00269605
123,-0.00195312,0,0.00390625,-0.00273171,-0.00108625,0.00269605
124,-0.00195312,0,0.00390625,-0.00273171,-0.00108625,0.00269605
125,-0.00195312,0,0.00390625,-0.00273171,-0.00108625,0.00269605
126,-0.00195312,0,0.00390625,-0.00273171,-0.00108625,0.00269605
127,-0.00195312,0,0.00390625,-0.00273171,-0.00108625,0.00269605
128,-0.00195312,0,0.00390625,-0.00273171,-0.00108625,0.00269605
129,-0.00195312,0,0.00390625,-0.00273171,-0.00108625,0.00269605
130,-0.00195312,0,0.00390625,-0.00273171,-0.00108625,0.00269605
131,-0.00195312,0,0.00390625,-0.00273171,-0.00108625,0.00269605
132,-0.00195312,0,0.00390625,-0.00273171,-0.00108625,0.00269605
133,-0.00195312,0,0.00390625,-0.00273171,-0.00108625,0.00269605
134,-0.00195312,0,0.00390625,-0.00273171,-0.00108625,0.00269605
